{
  "BlendFuncDestination" : "pbmOne",
  "BlendFuncSource" : "pbmSrcAlpha",
  "BoundingBoxMaxPersistent" : {
    "X" : -1.0000000000000000E+000,
    "Y" : -1.0000000000000000E+000,
    "Z" : -1.0000000000000000E+000
  },
  "BoundingBoxMinPersistent" : {
    "X" : 0.0000000000000000E+000,
    "Y" : 0.0000000000000000E+000,
    "Z" : 0.0000000000000000E+000
  },
  "DirectionPersistent" : {
    "X" : 0.0000000000000000E+000,
    "Y" : 1.0000000000000000E+000,
    "Z" : 0.0000000000000000E+000
  },
  "DirectionVariance" : 3.0000001192092896E-001,
  "Duration" : -1.0000000000000000E+000,
  "FinishColorPersistent" : {
    "Alpha" : 3.0000001192092896E-001,
    "Blue" : 1.0000000000000000E+000,
    "Green" : 1.0000000000000000E+000,
    "Red" : 1.0000000000000000E+000
  },
  "FinishColorVariancePersistent" : {
    "Alpha" : 0.0000000000000000E+000,
    "Blue" : 0.0000000000000000E+000,
    "Green" : 0.0000000000000000E+000,
    "Red" : 0.0000000000000000E+000
  },
  "FinishParticleSize" : 5.0000000745058060E-002,
  "FinishParticleSizeVariance" : 5.0000000745058060E-002,
  "GravityPersistent" : {
    "X" : 0.0000000000000000E+000,
    "Y" : 0.0000000000000000E+000,
    "Z" : 1.0000000000000000E+000
  },
  "MaxParticles" : 2000,
  "MiddleAnchor" : 5.0000000000000000E-001,
  "MiddleColorPersistent" : {
    "Alpha" : 1.0000000000000000E+000,
    "Blue" : 5.0000000000000000E-001,
    "Green" : 3.0000001192092896E-001,
    "Red" : 5.0000000000000000E-001
  },
  "MiddleColorVariancePersistent" : {
    "Alpha" : 0.0000000000000000E+000,
    "Blue" : 0.0000000000000000E+000,
    "Green" : 0.0000000000000000E+000,
    "Red" : 0.0000000000000000E+000
  },
  "MiddleParticleSize" : 1.0000000149011612E-001,
  "Name" : "",
  "ParticleLifeSpan" : 1.0000000000000000E+000,
  "ParticleLifeSpanVariance" : 2.0000000000000000E+000,
  "Radial" : 6.0000000000000000E+000,
  "RadialVariance" : 3.0000000000000000E+000,
  "RotationEnd" : 0.0000000000000000E+000,
  "RotationEndVariance" : 0.0000000000000000E+000,
  "RotationStart" : 0.0000000000000000E+000,
  "RotationStartVariance" : 0.0000000000000000E+000,
  "SourcePositionPersistent" : {
    "X" : 0.0000000000000000E+000,
    "Y" : 0.0000000000000000E+000,
    "Z" : 0.0000000000000000E+000
  },
  "SourcePositionVariancePersistent" : {
    "X" : 1.9999999552965164E-002,
    "Y" : 1.9999999552965164E-002,
    "Z" : 1.9999999552965164E-002
  },
  "Speed" : 1.0000000000000000E+000,
  "SpeedVariance" : 1.0000000149011612E-001,
  "StartColorPersistent" : {
    "Alpha" : 5.0000000000000000E-001,
    "Blue" : 5.0000000000000000E-001,
    "Green" : 5.0000000000000000E-001,
    "Red" : 8.0000001192092896E-001
  },
  "StartColorVariancePersistent" : {
    "Alpha" : 0.0000000000000000E+000,
    "Blue" : 0.0000000000000000E+000,
    "Green" : 0.0000000000000000E+000,
    "Red" : 0.0000000000000000E+000
  },
  "StartParticleSize" : 5.0000000745058060E-002,
  "StartParticleSizeVariance" : 5.0000000745058060E-002,
  "Tag" : 0,
  "Texture" : "default.png"
}